platoon_id,number_of_events,vehicle_set,test_case_duration_time
232499,92,228239,21.0861918926239
232521,86,228239,21.0861918926239
232872,81,228239,21.0861918926239
233045,6,228239,21.0861918926239
