platoon_id,number_of_events,vehicle_set,test_case_duration_time
515207,210,418808,11.343343019485474
324982,23,422587,2.5117075443267822
515667,149,424126,8.099252939224243
515964,4,424126,8.099252939224243
515971,19,427760,3.309002637863159
516008,2,433125,3.5690391063690186
516011,2,435586,1.6330339908599854
516014,82,437414,8.167481184005737
516177,49,441983,4.445390939712524
516274,6,441983,4.445390939712524
516285,78,443589,7.211132526397705
516440,109,446638,11.064031600952148
516657,102,452692,9.517704725265503
516860,5,454420,2.915127754211426
516872,309,458067,33.35876441001892
516869,2,458067,33.35876441001892
517489,23,460662,5.499048471450806
517534,3,460662,5.499048471450806
517539,2,460662,5.499048471450806
517557,116,462372,17.19712233543396
517542,8,462372,17.19712233543396
517788,185,465781,29.851949453353882
518218,206,468683,51.568281173706055
518629,67,468683,51.568281173706055
518157,31,468683,51.568281173706055
518762,2,474966,1.7836227416992188
518765,231,479560,48.59490704536438
519226,138,481418,27.135050535202026
519501,81,482483,19.661064624786377
519667,4,482483,19.661064624786377
519662,3,482483,19.661064624786377
519674,2,482483,19.661064624786377
519677,12,484580,5.277124881744385
519700,2,487045,1.9103491306304932
519703,11,488782,3.9859085083007812
519724,2,490891,2.7071444988250732
519727,3,493054,1.411590337753296
519732,4,494401,4.191462755203247
519739,2,494401,4.191462755203247
519742,9,496926,2.4087677001953125
519759,113,498105,26.49059557914734
519984,3,498105,26.49059557914734
519989,169,503106,40.46946382522583
520326,185,504718,61.884461879730225
520695,3,507305,2.6193156242370605
520700,51,510774,23.142110586166382
520801,21,510774,23.142110586166382
520842,2,510774,23.142110586166382
520854,107,512875,54.406362533569336
521067,66,512875,54.406362533569336
520845,5,512875,54.406362533569336
