vehicle_set_id,number_of_vehicles,creation_time_laps,type
859804,10,6.053801,random
860162,10,6.222401,random
860755,10,5.839495,random
861410,10,4.460754,random
861865,10,5.533287,random
