platoon_id,number_of_events,vehicle_set,test_case_duration_time
247274,74,244316,17.20972752571106
247237,19,244316,17.20972752571106
